날짜,키워드,검색량,출처
2026-01-06,아동복,54.3,데모
2026-01-06,여아 원피스,38.7,데모
2026-01-06,남아 맨투맨,35.1,데모
2026-01-06,키즈 아우터,43.0,데모
2026-01-13,아동복,55.7,데모
2026-01-13,여아 원피스,43.2,데모
2026-01-13,남아 맨투맨,30.2,데모
2026-01-13,키즈 아우터,50.2,데모
2026-01-20,아동복,63.3,데모
2026-01-20,여아 원피스,39.9,데모
2026-01-20,남아 맨투맨,39.2,데모
2026-01-20,키즈 아우터,46.4,데모
2026-01-27,아동복,64.5,데모
2026-01-27,여아 원피스,40.0,데모
2026-01-27,남아 맨투맨,40.2,데모
2026-01-27,키즈 아우터,56.5,데모
2026-02-03,아동복,71.9,데모
2026-02-03,여아 원피스,47.9,데모
2026-02-03,남아 맨투맨,42.3,데모
2026-02-03,키즈 아우터,57.0,데모
2026-02-10,아동복,63.5,데모
2026-02-10,여아 원피스,45.1,데모
2026-02-10,남아 맨투맨,34.4,데모
2026-02-10,키즈 아우터,50.0,데모
2026-02-17,아동복,68.5,데모
2026-02-17,여아 원피스,46.4,데모
2026-02-17,남아 맨투맨,45.3,데모
2026-02-17,키즈 아우터,59.6,데모
2026-02-24,아동복,70.0,데모
2026-02-24,여아 원피스,47.8,데모
2026-02-24,남아 맨투맨,50.0,데모
2026-02-24,키즈 아우터,61.3,데모
2026-03-03,아동복,79.2,데모
2026-03-03,여아 원피스,45.4,데모
2026-03-03,남아 맨투맨,40.1,데모
2026-03-03,키즈 아우터,62.1,데모
2026-03-10,아동복,76.0,데모
2026-03-10,여아 원피스,56.2,데모
2026-03-10,남아 맨투맨,51.2,데모
2026-03-10,키즈 아우터,55.5,데모
2026-03-17,아동복,73.0,데모
2026-03-17,여아 원피스,63.0,데모
2026-03-17,남아 맨투맨,43.2,데모
2026-03-17,키즈 아우터,70.1,데모
2026-03-24,아동복,64.8,데모
2026-03-24,여아 원피스,54.0,데모
2026-03-24,남아 맨투맨,53.1,데모
2026-03-24,키즈 아우터,56.4,데모
2026-03-31,아동복,86.7,데모
2026-03-31,여아 원피스,72.2,데모
2026-03-31,남아 맨투맨,45.4,데모
2026-03-31,키즈 아우터,69.5,데모
